user_id,tv_show_id
8377619604347126107,90074592 90057523 90076689 90053101 90057391
8381667675275833309,90049506 90065801 90075115 1000572 90073400
8387147770138767246,90079536 12002262 10002677 90057584 90025700
8397181578236218580,90080799 90064150 90049024 90080929 90077158
8404698046253197367,120078057 90075602 90079190 90035554 90073444
8431897575013155337,90080635 90075647 90077373 90023410 90039603
8437234709656005918,120080215 90067732 90062051 90057523 90033419
8441113802219662639,90069669 90077373 90077688 90073697 90079053
8443187512168717371,90080997 90058610 9009650 90030904 90080511
8449544243572273063,90020116 12002039 5300397 12002772 120078499
8451885646926746962,90073390 90072372 90080217 90075647 90077028
8465045669150315534,90076800 90061526 90060191 90059194 90078235
8469176037437965007,90023410 120063497 120057419 90034099 90050217
8477890851739099969,9006401 90081261 90029840 6700482 90071783
8481040618328778160,90079862 90057052 90075647 90082575 90074116
8502732958547846785,90070950 90081824 90061791 90080565 90078606
8536142521785243331,90054710 90037570 90073903 90073862 90048639
8553805649764703282,5900319 90081261 120078399 90071986 90076575
8563861998250234879,120078399 90071581 90045609 90060191 90056307
8585934160552416515,90073443 90039094 90059194 90075153 90073322
8588809295764176014,90079397 90079536 90072115 90059194 90074945
8603729495312378564,90070950 200456 90073689 120080029 90025507
8616230955604790644,90072977 90069564 90041483 90055186 90077373
8617948505231318776,90061750 90049024 90071717 90080732 90081659
8639440216155909597,90077791 90048490 90072751 90074807 90071581
8641913124242844285,90075475 90081338 90048517 90074127 90079798
8646014723560466568,90065072 90050600 90074221 90071888 90074958
8663492524871293296,90081234 90077113 10003051 90056868 90020334
8669935103550047601,90077791 90080698 90021062 90079612 90063004
8671460044169410638,12001697 90082579 90077791 90025507 90081841
8690893322504237732,90082531 90038894 90037349 90077158 90068169
8716727247426428794,2400480 6500479 240081 200352 400335
8738313063681526801,120078278 120078057 90077765 90048622 120079562
8748535286205456796,10003051 90080224 90057120 90078614 120080616
8752578255000206697,90063247 90039191 10002925 90071969 90075475
8766693550811905701,90072751 90069359 90081378 90078805 90075389
8766761403437974146,90074351 90077862 9009664 90077699 90076058
8778510108205744156,90059866 90039408 90041483 90075647 90044226
8785414209695733684,90080399 120079562 120078787 90078995 90082065
8796684962835703531,90077292 90075504 90034099 90077688 10001435
8803580597194101775,90075103 90046080 90077931 90078538 90069658
8848657562275607589,90080318 90074972 90081181 10001244 90066068
8854016410026199148,90079190 10002923 12002107 90080698 90081338
8862658586351001207,10002245 12001715 90035257 10002064 12001697
8865270794268975933,90080224 90073862 90076770 90077585 90037123
8878390507589779362,90076280 90043107 120078057 90044897 120078278
8880573070535391597,90078538 90075153 90080259 90075728 90080121
8898820481889755025,90078235 90041556 90028716 90061750 90025811
8915544773215446064,90074785 90077688 90034732 90064082 90071788
8925341565507263227,90081824 90080550 90041776 90013755 90072303
8936316134530016167,90079810 90076806 90078742 90046477 90021962
8940926785310851297,90052708 90075067 90074942 90080149 90071969
8978945749346164160,90055186 90080204 90079880 90077217 90077636
8982645071225950203,90074351 90042760 90068169 90076806 90073872
8984868078900607602,90065042 90045799 120078038 90072372 90054403
9015262273248594408,90041556 120078200 90068744 120063497 90077688
9035075124702849224,90067529 90081378 90057375 90074351 90080914
9035102503247509683,90074942 120080373 120080215 90079397 90078471
9049227889923343910,120080616 90079536 90076425 90074907 90038894
9074429921390938384,90041425 90040977 90072977 90038535 90023295
9088016577828382755,90062125 90042759 90077374 90073244 90079091
9090387005446190592,90032547 10002490 90079434 90062125 90039508
9114791519736463776,90072122 90077374 90079949 90041838 10001435
9117668730393660698,90075441 90079397 120078278 120078038 90035554
9118553680586391007,90043635 10001661 9009650 90079836 90079053
9121425072879609165,90010840 90050163 9009436 90069354 90079810
9196988873422411340,90081607 10003039 90081368 10003051 90042760
9228678650058957216,2400480 6500479 240081 200352 2400508
9249745054735671813,2400480 6500479 240081 200352 2400508
9261082106469786732,2400480 6500479 240081 200352 2400508
9270114762065496042,2400480 6500479 240081 200352 2400508
9284746614714961039,2400480 6500479 240081 200352 2400508
9299566554101769884,2400480 6500479 240081 200352 2400508
9322226602835061223,2400480 6500479 240081 200352 2400508
9332451737632314614,2400480 6500479 240081 200352 2400508
9334671918160667849,2400480 6500479 240081 200352 2400508
9341447748421668508,2400480 6500479 240081 200352 2400508
9368431887671439334,2400480 6500479 240081 200352 2400508
9387110792794889094,2400480 6500479 240081 200352 2400508
9445626786384900370,2400480 6500479 240081 200352 2400508
9502969300501451242,2400480 6500479 240081 200352 2400508
9523907272106252521,2400480 6500479 240081 200352 2400508
9546046097776288767,2400480 6500479 240081 200352 2400508
9560687217204231659,2400480 6500479 240081 200352 2400508
9571431845949053699,2400480 6500479 240081 200352 2400508
9574176344099640366,2400480 6500479 240081 200352 2400508
9584093283580667317,2400480 6500479 240081 200352 2400508
9584251267580047602,2400480 6500479 240081 200352 2400508
9618356656832795901,2400480 6500479 240081 200352 2400508
9623253335487418969,2400480 6500479 240081 200352 2400508
9638522152009640425,2400480 6500479 240081 200352 2400508
12157886806918577749,2400480 6500479 240081 200352 2400508
12160297630947014566,2400480 6500479 240081 200352 2400508
12199264565657543950,2400480 6500479 240081 200352 2400508
12210350939266556407,2400480 6500479 240081 200352 2400508
12223924366256307738,2400480 6500479 240081 200352 2400508
12261727737257665027,2400480 6500479 240081 200352 2400508
12268114893245498771,2400480 6500479 240081 200352 2400508
12310214572073177011,2400480 6500479 240081 200352 2400508
12323171290680606878,2400480 6500479 240081 200352 2400508
12326474472024230530,2400480 6500479 240081 200352 2400508
12328135212180147260,2400480 6500479 240081 200352 2400508
12349623717447751093,2400480 6500479 240081 200352 2400508
12366773933891996202,2400480 6500479 240081 200352 2400508
12367103837089144691,2400480 6500479 240081 200352 2400508
12372244952484436280,2400480 6500479 240081 200352 2400508
12378065159933181642,2400480 6500479 240081 200352 2400508
12383257635753044631,2400480 6500479 240081 200352 2400508
12397044172333870728,2400480 6500479 240081 200352 2400508
12427461250995820900,2400480 6500479 240081 200352 2400508
12428528639580540571,2400480 6500479 240081 200352 2400508
12433242244679815471,2400480 6500479 240081 200352 2400508
12447040449882202066,2400480 6500479 240081 200352 2400508
12452087939154504535,2400480 6500479 240081 200352 2400508
12453026253397466416,2400480 6500479 240081 200352 2400508
12469508512444584286,2400480 6500479 240081 200352 2400508
12480543726197461180,2400480 6500479 240081 200352 2400508
12503174524435144521,2400480 6500479 240081 200352 2400508
12518471035530707009,2400480 6500479 240081 200352 2400508
12536274306080936829,2400480 6500479 240081 200352 2400508
12554093899490013079,2400480 6500479 240081 200352 2400508
12559353736632605182,2400480 6500479 240081 200352 2400508
12581958109633254825,2400480 6500479 240081 200352 2400508
12582901712135498249,2400480 6500479 240081 200352 2400508
12584045794992589411,2400480 6500479 240081 200352 2400508
12587147658912661105,2400480 6500479 240081 200352 2400508
12588166114660196543,2400480 6500479 240081 200352 2400508
12598871463611126480,2400480 6500479 240081 200352 2400508
12602579225468527416,2400480 6500479 240081 200352 2400508
12611303700033957677,2400480 6500479 240081 200352 2400508
12617224973242845873,2400480 6500479 240081 200352 2400508
12618258355173670040,2400480 6500479 240081 200352 2400508
12622291577403599069,2400480 6500479 240081 200352 2400508
12639806938021149380,2400480 6500479 240081 200352 2400508
12684833855980372679,2400480 6500479 240081 200352 2400508
12731026034027811944,2400480 6500479 240081 200352 2400508
12796395428657135006,2400480 6500479 240081 200352 2400508
12830609362978202303,2400480 6500479 240081 200352 2400508
12833765001225277962,2400480 6500479 240081 200352 2400508
12836816162584970977,2400480 6500479 240081 200352 2400508
12876296860536251241,2400480 6500479 240081 200352 2400508
12898998611741023585,2400480 6500479 240081 200352 2400508
12900876653457430551,2400480 6500479 240081 200352 2400508
12912952064566221173,2400480 6500479 240081 200352 2400508
12953167051942039456,2400480 6500479 240081 200352 2400508
12977898645463729726,2400480 6500479 240081 200352 2400508
13022140237449583302,2400480 6500479 240081 200352 2400508
13049201910647034952,2400480 6500479 240081 200352 2400508
13087714205142890274,2400480 6500479 240081 200352 2400508
13118353176960163630,2400480 6500479 240081 200352 2400508
13150439939110154722,2400480 6500479 240081 200352 2400508
13166915545277732886,2400480 6500479 240081 200352 2400508
13177079137958066125,2400480 6500479 240081 200352 2400508
13192025846748470834,2400480 6500479 240081 200352 2400508
13206195244767704843,2400480 6500479 240081 200352 2400508
13208658355026852572,2400480 6500479 240081 200352 2400508
13209316368310508174,2400480 6500479 240081 200352 2400508
13215988515154942222,2400480 6500479 240081 200352 2400508
13229156559046572308,2400480 6500479 240081 200352 2400508
13236519757474724906,2400480 6500479 240081 200352 2400508
13250279426328298091,2400480 6500479 240081 200352 2400508
13291282303097796984,2400480 6500479 240081 200352 2400508
13301208082516092775,2400480 6500479 240081 200352 2400508
13305122159580880325,2400480 6500479 240081 200352 2400508
13317021590147607063,2400480 6500479 240081 200352 2400508
13331131551769104505,2400480 6500479 240081 200352 2400508
13360296137991183152,2400480 6500479 240081 200352 2400508
13374268084037931343,2400480 6500479 240081 200352 2400508
13398479379193849487,2400480 6500479 240081 200352 2400508
13403565439043477409,2400480 6500479 240081 200352 2400508
13406110784867181151,2400480 6500479 240081 200352 2400508
13406368812127418514,2400480 6500479 240081 200352 2400508
13418336740131735272,2400480 6500479 240081 200352 2400508
13420137766908944173,2400480 6500479 240081 200352 2400508
13420511217741104610,2400480 6500479 240081 200352 2400508
13422027794022006333,2400480 6500479 240081 200352 2400508
13426415661080778721,2400480 6500479 240081 200352 2400508
13434305447895100710,2400480 6500479 240081 200352 2400508
13436155984864136497,2400480 6500479 240081 200352 2400508
13458525524428321672,2400480 6500479 240081 200352 2400508
13487677103101903687,2400480 6500479 240081 200352 2400508
13489255644781124892,2400480 6500479 240081 200352 2400508
13500492463451126738,2400480 6500479 240081 200352 2400508
13530061968290190352,2400480 6500479 240081 200352 2400508
15888522296755634906,2400480 6500479 240081 200352 2400508
15892328394922921288,2400480 6500479 240081 200352 2400508
15893947138187641818,2400480 6500479 240081 200352 2400508
15896072116603972829,2400480 6500479 240081 200352 2400508
15900221489265875290,2400480 6500479 240081 200352 2400508
15916395759035552702,2400480 6500479 240081 200352 2400508
15942687135322962396,2400480 6500479 240081 200352 2400508
15960693788742006532,2400480 6500479 240081 200352 2400508
15967848584291551816,2400480 6500479 240081 200352 2400508
15986043020707321660,2400480 6500479 240081 200352 2400508
16000272886108664313,2400480 6500479 240081 200352 2400508
16000795177492330886,2400480 6500479 240081 200352 2400508
16004333626220520952,2400480 6500479 240081 200352 2400508
16007132061237152385,2400480 6500479 240081 200352 2400508
16016589825013613850,2400480 6500479 240081 200352 2400508
16023480677568448299,2400480 6500479 240081 200352 2400508
16037122224293199602,2400480 6500479 240081 200352 2400508
16048564055437494792,2400480 6500479 240081 200352 2400508
16071947223396947398,2400480 6500479 240081 200352 2400508
16091347162323860904,2400480 6500479 240081 200352 2400508
16105858151994222778,2400480 6500479 240081 200352 2400508
16126059966720788343,2400480 6500479 240081 200352 2400508
16152003570226667403,2400480 6500479 240081 200352 2400508
16164049013638467381,2400480 6500479 240081 200352 2400508
16164547731347196435,2400480 6500479 240081 200352 2400508
16201680922161237472,2400480 6500479 240081 200352 2400508
16218838557509338364,2400480 6500479 240081 200352 2400508
16234592492939794014,2400480 6500479 240081 200352 2400508
16240969485450627544,2400480 6500479 240081 200352 2400508
16257230750338757743,2400480 6500479 240081 200352 2400508
16279591465090163933,2400480 6500479 240081 200352 2400508
16284617759750839364,2400480 6500479 240081 200352 2400508
16298266044439121374,2400480 6500479 240081 200352 2400508
16332095601221249305,2400480 6500479 240081 200352 2400508
16358256747838923928,2400480 6500479 240081 200352 2400508
16407882746158868603,2400480 6500479 240081 200352 2400508
16443008025252533026,2400480 6500479 240081 200352 2400508
16447236301267133041,2400480 6500479 240081 200352 2400508
16518282934250561074,2400480 6500479 240081 200352 2400508
16540935131824938003,2400480 6500479 240081 200352 2400508
16551078018019633099,2400480 6500479 240081 200352 2400508
16561743585370579180,2400480 6500479 240081 200352 2400508
16569928275584027571,2400480 6500479 240081 200352 2400508
16596661477986613448,2400480 6500479 240081 200352 2400508
16599336303881498113,2400480 6500479 240081 200352 2400508
16601443646184800252,2400480 6500479 240081 200352 2400508
16645026545281388702,2400480 6500479 240081 200352 2400508
16648489991473034598,2400480 6500479 240081 200352 2400508
16669422030853888823,2400480 6500479 240081 200352 2400508
16681808333420361354,2400480 6500479 240081 200352 2400508
16685443461238969987,2400480 6500479 240081 200352 2400508
16690967980661594849,2400480 6500479 240081 200352 2400508
16696930359284090130,2400480 6500479 240081 200352 2400508
16705595606366921139,2400480 6500479 240081 200352 2400508
16722845482210546373,2400480 6500479 240081 200352 2400508
16723694031394697750,2400480 6500479 240081 200352 2400508
16724463990889517490,2400480 6500479 240081 200352 2400508
16732082036693231547,2400480 6500479 240081 200352 2400508
16748283428555436967,2400480 6500479 240081 200352 2400508
16750567095026044641,2400480 6500479 240081 200352 2400508
16762012201054645662,2400480 6500479 240081 200352 2400508
16765417690278890218,2400480 6500479 240081 200352 2400508
16771698065583119972,2400480 6500479 240081 200352 2400508
16785085528379786368,2400480 6500479 240081 200352 2400508
16799287424652388031,2400480 6500479 240081 200352 2400508
16829406916637678596,2400480 6500479 240081 200352 2400508
16838222626879342356,2400480 6500479 240081 200352 2400508
16841190031086275423,2400480 6500479 240081 200352 2400508
16885562009370132981,2400480 6500479 240081 200352 2400508
16898123859413537763,2400480 6500479 240081 200352 2400508
16922558989388304220,2400480 6500479 240081 200352 2400508
16931916803466758242,2400480 6500479 240081 200352 2400508
16937728233329260843,2400480 6500479 240081 200352 2400508
16949941876873520208,2400480 6500479 240081 200352 2400508
16953156409963903081,2400480 6500479 240081 200352 2400508
16969616863514047411,2400480 6500479 240081 200352 2400508
16991037782734454966,2400480 6500479 240081 200352 2400508
17000341927167828465,2400480 6500479 240081 200352 2400508
17013371064904492548,2400480 6500479 240081 200352 2400508
17063418461998565711,2400480 6500479 240081 200352 2400508
17085229707741100837,2400480 6500479 240081 200352 2400508
17100364602000740689,2400480 6500479 240081 200352 2400508
17106209728136032600,2400480 6500479 240081 200352 2400508
17112186088201306492,2400480 6500479 240081 200352 2400508
17113492548945060525,2400480 6500479 240081 200352 2400508
17120474408402979930,2400480 6500479 240081 200352 2400508
17124849187781268969,2400480 6500479 240081 200352 2400508
17128135487975118216,2400480 6500479 240081 200352 2400508
17133586047396266199,2400480 6500479 240081 200352 2400508
17147127803971607988,2400480 6500479 240081 200352 2400508
17149353350385174411,2400480 6500479 240081 200352 2400508
17164648565226004153,2400480 6500479 240081 200352 2400508
17210662647592971022,2400480 6500479 240081 200352 2400508
17245252872208103161,2400480 6500479 240081 200352 2400508
17255047588665948665,2400480 6500479 240081 200352 2400508
17259620764214652063,2400480 6500479 240081 200352 2400508
17262668674297026059,2400480 6500479 240081 200352 2400508
17275402238709914585,2400480 6500479 240081 200352 2400508
17279940464123504077,2400480 6500479 240081 200352 2400508
17285672029795541583,2400480 6500479 240081 200352 2400508
17299901520372013820,2400480 6500479 240081 200352 2400508
17329602040561332975,2400480 6500479 240081 200352 2400508
17330165649577443380,2400480 6500479 240081 200352 2400508
17337543921140631187,2400480 6500479 240081 200352 2400508
17359911182647356420,2400480 6500479 240081 200352 2400508
17362725457943306224,2400480 6500479 240081 200352 2400508
17379724685517160458,2400480 6500479 240081 200352 2400508
17401622293244716443,2400480 6500479 240081 200352 2400508
17412942764558944266,2400480 6500479 240081 200352 2400508
17423974410579319739,2400480 6500479 240081 200352 2400508
17429343216462625617,2400480 6500479 240081 200352 2400508
17429412423205553100,2400480 6500479 240081 200352 2400508
17430291401794933019,2400480 6500479 240081 200352 2400508
17438000397127754773,2400480 6500479 240081 200352 2400508
17453995883438228518,2400480 6500479 240081 200352 2400508
17483615040984711814,2400480 6500479 240081 200352 2400508
17487245953772140864,2400480 6500479 240081 200352 2400508
17498855137197959107,2400480 6500479 240081 200352 2400508
17502851835406101896,2400480 6500479 240081 200352 2400508
17507504718632061872,2400480 6500479 240081 200352 2400508
17514948326733894086,2400480 6500479 240081 200352 2400508
17542868768395554867,2400480 6500479 240081 200352 2400508
17553990766061133967,2400480 6500479 240081 200352 2400508
17615159113720872881,2400480 6500479 240081 200352 2400508
17623880000786863606,2400480 6500479 240081 200352 2400508
17672277498958046618,2400480 6500479 240081 200352 2400508
17673567455104776594,2400480 6500479 240081 200352 2400508
17676810254267048747,2400480 6500479 240081 200352 2400508
17696399999547698774,2400480 6500479 240081 200352 2400508
17713765519875319738,2400480 6500479 240081 200352 2400508
17726446719435602956,2400480 6500479 240081 200352 2400508
17733490470318976524,2400480 6500479 240081 200352 2400508
17736192979712258856,2400480 6500479 240081 200352 2400508
17749612088451113386,2400480 6500479 240081 200352 2400508
17764196385356019644,2400480 6500479 240081 200352 2400508
17779165767747077806,2400480 6500479 240081 200352 2400508
17826088135611504660,2400480 6500479 240081 200352 2400508
17832586872533967412,2400480 6500479 240081 200352 2400508
17879236309804594579,2400480 6500479 240081 200352 2400508
17881112331880156395,2400480 6500479 240081 200352 2400508
17891623290872953051,2400480 6500479 240081 200352 2400508
17906213838762131450,2400480 6500479 240081 200352 2400508
17938996697042700409,2400480 6500479 240081 200352 2400508
17944453638737189299,2400480 6500479 240081 200352 2400508
17951987378741601487,2400480 6500479 240081 200352 2400508
17962194067505688506,2400480 6500479 240081 200352 2400508
17983864562266184828,2400480 6500479 240081 200352 2400508
17987215393489365414,2400480 6500479 240081 200352 2400508
18004037220322880409,2400480 6500479 240081 200352 2400508
18010485516790091385,2400480 6500479 240081 200352 2400508
18010624836027322472,2400480 6500479 240081 200352 2400508
18028678601962932323,2400480 6500479 240081 200352 2400508
18064224971115775351,2400480 6500479 240081 200352 2400508
18079881134038540432,2400480 6500479 240081 200352 2400508
18081325105171528512,2400480 6500479 240081 200352 2400508
18085480830426156231,2400480 6500479 240081 200352 2400508
18118737816722144473,2400480 6500479 240081 200352 2400508
18139822699308960432,2400480 6500479 240081 200352 2400508
18194569131454007050,2400480 6500479 240081 200352 2400508
18204348906365533863,2400480 6500479 240081 200352 2400508
18207094596744029971,2400480 6500479 240081 200352 2400508
18207558486892888784,2400480 6500479 240081 200352 2400508
18234680900232995316,2400480 6500479 240081 200352 2400508
18272318453552792650,2400480 6500479 240081 200352 2400508
18276182027650838686,2400480 6500479 240081 200352 2400508
18279410418065484876,2400480 6500479 240081 200352 2400508
18299215397802125538,2400480 6500479 240081 200352 2400508
18330059445968824680,2400480 6500479 240081 200352 2400508
18334759949389503175,2400480 6500479 240081 200352 2400508
18363829945715807558,2400480 6500479 240081 200352 2400508
18383254209231769759,2400480 6500479 240081 200352 2400508
18412919141406031687,2400480 6500479 240081 200352 2400508
18417531283109304442,2400480 6500479 240081 200352 2400508
18436538545025490822,2400480 6500479 240081 200352 2400508
18437797701155742162,2400480 6500479 240081 200352 2400508
18440717181607000261,2400480 6500479 240081 200352 2400508
2508149560805820292,90072231 10002925 120054714 90079611 120079522
2534949501612864684,120078334 120063497 90080886 90055186 1000572
2589093493207973125,90072814 90072751 90080568 90074029 90065042
2591096596163042625,90080730 90076870 90021576 90076690 9008117
2593664958585400806,90042470 90078908 90046080 90057357 90068746
2593914277176566399,120078548 90080614 90080698 90073783 90073901
2610724993362678119,90073697 90046404 90081719 90044226 12001697
2615446029899839196,90081815 90067011 90081133 90074629 90049655
2619367812445771597,90041776 90076425 90074942 90042449 90082812
2628271643839479179,90068169 90035560 90070945 90050600 90044148
2647290037799576927,90073862 90021576 120078466 90065154 120079953
2650757840150327910,90044897 90034099 90031645 90050205 90079219
2654260745254643951,90043765 90073862 10002390 90072750 90079219
2675383452738222922,90070950 90073901 90080997 90021576 90077791
2689719385815408339,120078466 90075115 90075433 10002817 90073882
2708223399147672037,90074807 120079562 90074592 90020116 90046848
2725163102947201526,10002677 12001697 90056796 90077931 120080256
2761825251467637550,90082495 90036781 120080256 10001435 90082074
2766408057884086492,90080853 90047044 90013491 90078995 90082384
2819112102065264801,90018019 90068746 90032975 90064341 90053442
2838730117582047512,90047856 12002806 12002070 12001682 12002896
2852052657169755982,90073443 90082104 90042435 90029840 90040977
2860008338744295871,120079631 90044216 90075647 90078995 90053101
2862031838178012121,90042110 90078124 90060221 90070781 90081370
2864964383167733994,90082493 90062051 90054047 90072372 2400480
2865357919097804973,90077373 90073862 90075103 90072977 90058762
2893324834225188684,120079631 90079798 90081378 90073026 90081718
2914223426433217644,90080744 90075602 90045840 90080204 90078097
2929474010536378025,90080286 90055234 90080680 120078548 90059012
2936902642516305018,90046672 90070494 90042720 10001244 90078471
2968628017465206609,90062125 90082684 90051970 90010385 90067054
2989784127386411480,90079091 90074170 90052164 10001958 90049864
3049452084276250125,10001817 90066769 6700482 90080697 90078312
3051565623483086097,120080256 90079810 90034093 90061837 90081631
3070089212218723092,90059866 90056796 90075153 90072715 90064168
3070885108265168140,90045799 90080420 90048639 90081168 90074592
3086774348345899441,90081181 90041275 90079880 90010385 90082531
3102619724923396224,90073753 90077247 90065072 90071206 90081114
3116502004723279540,90040239 90065801 90082579 5800396 90077054
3156927077399445112,2400480 6500479 6700435 240081 200352
3160429818375445642,90081608 90076806 90035553 90073583 90076841
3193355660422450548,90066507 9006401 90070788 90041556 90073583
3202017750579533472,90081815 90080332 90076041 90081631 90037555
3207346926530587679,90037555 90046846 90073440 90070492 90077247
3215532114699351715,90049616 90065217 90010385 90079810 90052950
3216130402192093869,90074334 90033037 90077931 90052164 90074170
3221254513595840271,12003004 90052950 90079536 90076872 120080616
3223027569404031218,90077021 90046672 90028781 120078548 90074863
3261445607549918273,90081719 90040239 90051015 90069359 90081097
3269187131797116157,12001697 120078200 90079536 90067529 90082812
3272866447031262809,12001686 10002810 12002718 10001903 1000405
3291739389294408487,90028881 90078312 90053892 90077217 90071969
3316119610206913921,90028716 90041665 90058849 90046801 90041838
3320433367719460499,10002677 90079536 90077688 12002856 12001682
3323860310424238336,90080259 90023410 90080121 90044406 90052591
3348906667435286694,12003004 90069658 90053442 120079562 90034099
3366980246578369202,90055680 90046848 90041885 90078937 90046966
3373061590509620470,90065008 90065497 90074614 10002817 90049403
3379509606233427380,90041556 90078669 90072122 90082736 90026021
3393252915827918987,90071919 90080697 6700482 90080804 90046741
3441836685161518827,2400480 6500479 12001682 240081 200352
3460966753678335683,90061837 90057149 90077374 90081167 90074432
3469248566758145871,90046801 90071581 90075359 5800396 90082137
3494670624291455232,10002839 90067421 90064084 90057699 90046877
3513838022906885945,90040564 90080474 90072034 90082406 90073390
3515432131665560283,90073564 90040564 90080224 90081719 90081841
3524995830404524444,90030904 90028781 90073074 90082441 90078054
3525695269081370558,90035554 90079053 90076021 10003174 90082493
3592984919900226836,5900319 90073965 90078097 90064168 10002706
3593250678212671861,12003004 2400340 90068328 90023295 90020998
3595885653741891079,90043635 90029156 90065453 90060858 90057699
3623223470222558951,90080511 120079522 2400480 200352 240081
3640842713061467856,90028716 90082684 10003174 6500479 2400480
3642666757713869886,10001711 90074127 90076665 90081597 90081167
3682049841601613826,10002923 90048509 90035553 90044148 90075389
3696622601598573300,90064153 90077158 90078789 90079632 90080204
3706199799231606389,90056386 90033419 120078548 90080614 90035650
3708834357120495931,90074208 90076425 90077373 9005926 90075602
3717184880213603078,90032975 90077466 90057391 90043084 90064832
3725429315265131896,90073972 90074217 90022731 90041275 90081460
3735384521990944889,90076035 90068454 90080861 90058910 90072750
3767461545877018215,90077765 90037349 90053442 90074303 90069142
3773635013216594706,90075647 90044226 90052164 90061237 90081885
3782299544756071548,90073193 6500385 90048003 120081348 10001958
3799694907521863650,12002806 12002070 12001682 12002896 12002456
3817051279045903205,90033445 90069658 120057419 90076730 9007323
3822886913523368609,90023655 1000633 90080332 90043635 90072715
3823336210990500288,90073689 90029156 90082065 90042449 90067732
3823803188893525181,90077275 90079880 90053899 90045200 90080997
3825652269025897789,90077688 90081114 90082579 90063008 90077910
3829495248241999089,90081865 90082320 90076184 90067421 90060858
36938861791891792,120081348 90075153 90082384 90077931 90081841
52369349052901997,90073872 90073204 90053234 90077247 90073074
57357915868236403,90015552 90077189 90068712 90016709 90082684
70601421848869461,90068328 90055475 90078469 90078669 90082678
74617935272907554,90080565 90080410 90041838 90078669 90060882
78950913036797693,90057149 10001368 120078038 90042435 90044282
82488788952764226,90073872 90080853 90076488 90068169 90049470
84082281952980998,90079810 90074029 90081234 90074942 90067054
106211924099131755,90075115 120078499 12002733 5300397 90081885
158338212472590513,90080399 120080256 90049778 90081310 90082684
181063287547536022,90072957 90077585 12003004 90079880 90029840
205456008114398753,90080224 90079741 90074316 5800396 90079632
245033728947691708,90021192 10002390 100045 90070417 90073400
250178810191801158,10002839 90066335 90073783 90070677 90043107
255451508493684493,90047945 90042446 90067083 90078235 90078430
278032391686083827,12002302 12002172 12002805 12002552 12002955
286696610904561077,90058908 90051970 90010840 90054583 90069354
319675768840678676,12001682 2400480 6500479 240081 200352
338560084387169459,90074592 90044064 10003039 90023248 90041065
352374079378631949,90046848 90078469 90068328 90071510 90043009
355839336164872022,90043489 90061526 90081607 90082684 90061750
373931873566873422,90079839 12003004 400387 2400480 2400508
385172162373391221,90076872 90065849 10003051 5800396 120080215
387618958131499974,90057463 90061526 90078824 90080744 90038028
390859419742464109,90081261 2400480 6500479 200352 12001682
401913186354144628,90071303 9008582 90080387 90065238 90068179
414363484269016605,90080270 12001682 2400480 6500479 240081
426367450864333615,90074351 90078433 90067732 120078057 90080614
430948212531237225,90028716 120078539 90075647 90059940 90048490
433403965153600460,90076730 90076041 90036080 90072303 90016797
467264458619854997,90042759 90044587 90066768 90081481 90025216
488805529328942767,90048698 90072717 90053547 90079321 90059940
516055554987888828,90079091 90043489 90031570 90079536 90073836
516518766779231428,90012384 90080399 90061526 90054333 12002833
537125783228571294,9006401 90080264 90081212 90077931 90041425
556225302599838606,120080616 90048490 90060807 120078570 90080331
575018690662362915,90021156 90044216 90067793 90052398 90068360
605606467001910490,90020546 9001437 90046808 90074334 90055475
610312449860000313,90069142 90075011 9009317 90077374 90021390
617477804868536542,700481 90046966 90066507 90082812 90037123
643575614812365738,90049864 90069658 90079091 90068179 90080768
656515029102151401,90081932 90075212 90054203 90074945 90073872
670672473919273448,90080952 120054714 90074942 120078278 90071206
671751928033056708,90044226 90072722 90049051 90075115 9004192
687254492452843813,90074912 90045200 12002771 90040564 90042760
694172222044240746,120078570 90080910 90029710 90023410 90074907
706288898823145641,90082384 90080853 90077217 90072372 90077636
735484603592308939,90079810 90075602 90057523 90021803 90023410
751597702087822601,1000962 120070654 90065072 90079053 90081719
763453890366577254,90041065 90081810 90044587 90068611 90043107
769235757876217357,10001244 90057523 10003122 90079880 90035554
789186504315385960,90077784 10003130 90041483 90071788 90051015
790691210582083419,90066507 120079562 90021962 90059387 90072303
795534560850101267,90021192 90081824 90043009 90023410 90014286
795906300153296013,90074560 10002869 90082680 90061237 90062039
805133762622732502,90078667 90035553 90078086 90018019 90061526
811576767571399813,10002515 120054714 10001435 90063247 90057120
813501717478215405,90077918 90080781 12002772 90081170 90078010
838691319259474927,90045141 90035650 90057393 90065217 90073724
862707456275413655,90057357 90071717 90072459 90078860 90078538
863384705151477907,90079397 90078312 90082300 90080264 90080406
872748192593339717,90072751 90036781 90077217 90051015 90071436
875980895400156404,90060960 90076719 12002833 90078805 120079990
890828132614214725,90082531 90078995 90080853 90037123 90039077
900551270293724756,90079810 90063247 12001686 90046808 90035553
901367918461480780,90072034 90060882 90077247 10002787 90037848
927899648531325854,90081338 10003000 90068169 90064082 90016797
938314866185758347,90074785 90082384 90078469 90045970 90076405
961829898159890340,90079954 90073440 90065631 90075153 90056868
962190055301740485,90077688 90078296 90074127 90081234 90072372
962827002559403729,90046848 90076035 90012384 90034099 90071942
970670590731358344,12002805 12002172 12002456 12002552 12002733
1006295581213157108,90043489 90082516 10001809 90071783 90044406
1012032131876199110,90050600 90050574 10002923 90080204 9006401
1027576629682173833,120080256 90063247 90055475 90039094 90031704
1083952269108061437,90080744 90072034 90023994 90061750 90074629
1120905021445973443,90072750 90079053 90078614 90076899 90049024
1123552237627435083,90036550 90073870 90081824 90082493 90068712
1132561018338208124,90074592 90081481 90043107 90078994 90041483
1134147666938071617,10002677 90073073 120070654 90033419 90059012
1144723520235416096,90072814 90077688 90060807 90080698 90039375
1150084824203709165,90072034 90079321 90043635 90029840 90045799
1191224261223229702,90022731 120080215 120080256 90072492 12002302
1193381389975117541,90074942 90018019 90079053 90076870 90079091
1209347957397401932,90082384 90078995 90051970 90071303 90041425
1211777512803841388,90068652 90079536 90023410 90049405 90044389
13541570304600670071,2400480 6500479 240081 200352 2400508
13551320680948251626,2400480 6500479 240081 200352 2400508
13571199046623737884,2400480 6500479 240081 200352 2400508
13576999870598941755,2400480 6500479 240081 200352 2400508
13599532430557495828,2400480 6500479 240081 200352 2400508
13614421313501894974,2400480 6500479 240081 200352 2400508
13617723174293814251,2400480 6500479 240081 200352 2400508
13627049259472309787,2400480 6500479 240081 200352 2400508
13651500423387707853,2400480 6500479 240081 200352 2400508
13677285999726859842,2400480 6500479 240081 200352 2400508
13688967069138961119,2400480 6500479 240081 200352 2400508
13691378912169566335,2400480 6500479 240081 200352 2400508
13704269632207871387,2400480 6500479 240081 200352 2400508
13716167118840494293,2400480 6500479 240081 200352 2400508
13734919674052560405,2400480 6500479 240081 200352 2400508
13735975441808180713,2400480 6500479 240081 200352 2400508
13772139211462684564,2400480 6500479 240081 200352 2400508
13787142027504003232,2400480 6500479 240081 200352 2400508
13794476912474059128,2400480 6500479 240081 200352 2400508
13798286624164641379,2400480 6500479 240081 200352 2400508
13800978721815050757,2400480 6500479 240081 200352 2400508
13803191744306898746,2400480 6500479 240081 200352 2400508
13824698543584289212,2400480 6500479 240081 200352 2400508
13829147208154789217,2400480 6500479 240081 200352 2400508
13842413577964698123,2400480 6500479 240081 200352 2400508
13851503598987598394,2400480 6500479 240081 200352 2400508
13864419783707252817,2400480 6500479 240081 200352 2400508
13871577163811186300,2400480 6500479 240081 200352 2400508
13934792989761766436,2400480 6500479 240081 200352 2400508
13961429782695181065,2400480 6500479 240081 200352 2400508
13982947055732551179,2400480 6500479 240081 200352 2400508
13997488980255999940,2400480 6500479 240081 200352 2400508
14032452249577487768,2400480 6500479 240081 200352 2400508
14042944536819084489,2400480 6500479 240081 200352 2400508
14046295981635622059,2400480 6500479 240081 200352 2400508
14049050536217794294,2400480 6500479 240081 200352 2400508
14062496467694738274,2400480 6500479 240081 200352 2400508
14076833004759976092,2400480 6500479 240081 200352 2400508
14080135702245720985,2400480 6500479 240081 200352 2400508
14102065034925008601,2400480 6500479 240081 200352 2400508
14102823151451819775,2400480 6500479 240081 200352 2400508
14143366939741236910,2400480 6500479 240081 200352 2400508
14145556390470634623,2400480 6500479 240081 200352 2400508
14155572717760425624,2400480 6500479 240081 200352 2400508
14159314326836432502,2400480 6500479 240081 200352 2400508
14180981804100292598,2400480 6500479 240081 200352 2400508
14190439328627019016,2400480 6500479 240081 200352 2400508
14214824299974256522,2400480 6500479 240081 200352 2400508
14215134844796111875,2400480 6500479 240081 200352 2400508
14220802967603940068,2400480 6500479 240081 200352 2400508
14252198683294377455,2400480 6500479 240081 200352 2400508
14259846318571192989,2400480 6500479 240081 200352 2400508
14267216102896999102,2400480 6500479 240081 200352 2400508
14276012310455229047,2400480 6500479 240081 200352 2400508
14285634234717947387,2400480 6500479 240081 200352 2400508
14287129950004969687,2400480 6500479 240081 200352 2400508
14296412911321963615,2400480 6500479 240081 200352 2400508
14325002890447940827,2400480 6500479 240081 200352 2400508
14329833236519347369,2400480 6500479 240081 200352 2400508
14332472211201096490,2400480 6500479 240081 200352 2400508
14348143750770586697,2400480 6500479 240081 200352 2400508
14368080926438488605,2400480 6500479 240081 200352 2400508
14368405150412585943,2400480 6500479 240081 200352 2400508
14380234146756974880,2400480 6500479 240081 200352 2400508
14384506129291972476,2400480 6500479 240081 200352 2400508
14391529558417534627,2400480 6500479 240081 200352 2400508
14394187406328124815,2400480 6500479 240081 200352 2400508
14399299985567564801,2400480 6500479 240081 200352 2400508
14401191285650834662,2400480 6500479 240081 200352 2400508
14417105396658996618,2400480 6500479 240081 200352 2400508
14419119108594885386,2400480 6500479 240081 200352 2400508
14419143720503893209,2400480 6500479 240081 200352 2400508
14428066465748697354,2400480 6500479 240081 200352 2400508
14443054406782846696,2400480 6500479 240081 200352 2400508
14475283947108766793,2400480 6500479 240081 200352 2400508
14477873756098228654,2400480 6500479 240081 200352 2400508
14528475220127391173,2400480 6500479 240081 200352 2400508
14578730937020357605,2400480 6500479 240081 200352 2400508
14582005293442428541,2400480 6500479 240081 200352 2400508
14586649676182945886,2400480 6500479 240081 200352 2400508
14614367365704510939,2400480 6500479 240081 200352 2400508
14618192358715882447,2400480 6500479 240081 200352 2400508
14635647536740269605,2400480 6500479 240081 200352 2400508
14655339180271870813,2400480 6500479 240081 200352 2400508
14671750761357843379,2400480 6500479 240081 200352 2400508
14697393997271096300,2400480 6500479 240081 200352 2400508
14701994128865757234,2400480 6500479 240081 200352 2400508
14702699572633030348,2400480 6500479 240081 200352 2400508
14709572702651573425,2400480 6500479 240081 200352 2400508
4911855988885957926,12001717 90078669 90030672 90014056 120080373
4920771402099752665,90082510 90041483 90055680 90082059 90039485
4928752196087428641,90079331 90080550 90081932 90056686 90081097
4946917580681870521,90074127 90040239 90077688 90068360 90082786
4949222956972288366,90073602 90080332 90037720 90080287 90072957
4973967140891609835,90073928 90048127 120070938 12002107 90037720
4974786234363757781,90037302 90075944 90040278 5800396 90072957
4974842410975193420,90059866 90078937 90068652 90074912 90076730
4990412915113425322,90025507 90037720 5800396 90061750 9003834
4993803277514263944,90074560 90076719 90080698 90080121 90074785
4997878701489602731,90048751 90061750 90077791 90077217 90035650
5020904366839176305,90067732 90023785 90082065 90070788 90036080
5022187631460541869,90043489 90075212 90078097 90040977 90042470
5024631139882254261,90057149 90075103 90071888 90073193 90074958
5040445028281187318,90049259 90057052 90078684 90067011 90077898
5052006221193755108,90041776 90040964 90037302 90033037 90045609
5052812923016657823,90068746 90080698 90069658 90064082 90079321
5080112364155094859,90069331 90081841 90050011 90035554 90074029
5102444605050899938,90076184 90046404 90078994 90054713 90071586
5104348873853418552,90079266 90078824 90077969 90061837 90072715
5134528881304581664,90064168 90071640 90071877 90081664 10003040
5177358776677770791,90055475 90010370 90077765 90020116 90069669
5201886213552257351,90050812 90061237 90054583 90062039 90081168
5202255106960917052,90059940 90082441 90080259 90065217 90076356
5213306567151835136,90075959 90079091 10002821 90054710 90057149
5214331811739438136,90080929 90074630 90046886 120079274 120078570
5224402143722099781,90066768 90081824 90077699 90067500 10001809
5227025914537950626,90041483 90080259 90080121 90012264 90080698
5235603859533448790,90073870 90021390 90080635 90012002 90080763
5243206492289853624,90080332 90071923 90039094 90068659 90076575
5246087903788340878,90034732 90078742 90082078 700481 90074376
5246223459555592745,90020116 90064168 90072715 12002870 90050600
5248891800595464369,90069890 90067500 90050600 90072231 90038028
5302149406263644649,90046080 90044216 10002869 90046672 90055680
5302900066471372786,90071919 90078669 90060284 90042720 90082229
5306398628623875952,90054710 90042720 90071581 90077765 90049958
5306958701950140419,90020116 90077699 90081261 90041665 12001728
5320904966383632701,90055475 90041838 90078860 90076689 400471
5336165931261712472,12001682 90018107 2400480 6500479 12001734
5356468641680732686,90071640 90079949 6700511 90080804 90080286
5357988208645406943,10002925 90039077 90079397 90020116 90082137
5360627616592538615,90081129 90080224 90077217 90071622 90077699
5364378838289882469,90031570 90057149 90079190 90028281 90048517
5383897533358621997,90073903 90026021 90077531 90025507 90071717
5409901949727416037,90077247 90077158 9001437 90073783 90078576
5420928759462171682,90055680 90068454 90074912 90082510 90074752
5421325728807032217,90077688 90047611 90078598 90051970 90060191
5426792862456900243,90079974 90073996 90076035 90080447 90073541
5427593491324501062,90076280 90023994 12002922 90078860 90029840
5432635731945968040,90022731 90072957 90051015 90067529 90067421
5443751144373391933,90020998 90077374 90023410 90016709 90076608
5451629007231549851,90076806 90044216 90081117 90071919 90081597
5462982875769846134,90073996 90071986 90080698 90077898 90072034
5471905366114368587,90078686 90079536 90041094 700481 90036080
5485886276132291548,90067381 90037340 90077374 90049051 90029710
5487706720534076536,90059866 90043489 90044226 90044587 90067863
5488521165100005254,90052591 10003130 90067222 90016797 90082214
5499376196940084480,90080929 10001586 90066335 120063497 90057357
5503508055659318798,10001244 90058910 90070494 9001758 90068611
5504857027657250273,90073443 90080799 90078538 90072814 90060906
5522063142882979672,90071877 90062125 90077247 90066394 90066507
5527432006266821597,90066109 90073996 10002677 90045799 120078038
5532905001010201685,90075115 90077791 90046956 10003000 90067529
5535026491077355785,90080929 90065072 90072957 90077931 90073697
5540782747628770323,90073783 90044216 90043107 90048490 90061819
5557448476742663338,90045970 90044148 90061526 90077054 90070294
5569932172841606962,90080781 90065425 90020116 12002564 90060385
5575052171699211927,90080550 90075359 90061526 90075153 90047611
5585516079672575049,90057357 90076900 90074029 90039995 90040239
5602214723133071077,90078433 90051970 90035553 90076900 90056307
5645266360467713223,90034732 90080997 90053101 90031645 90077138
5672174985970291620,90066507 90079536 90041885 90028716 10002677
5684168064863991423,200456 90078302 90052591 90021930 90041776
5702368871513994162,90072751 90056809 90057376 90035257 90059599
5703107960307906509,90054710 90037555 90073440 90080376 90067793
5703176835923657328,120078548 12002107 120078466 90063905 90073882
5732222655213627894,90045679 120080616 90021192 90042435 90077374
5740846550052005252,90041425 120063497 90074316 90042449 90074907
5748287153793534538,120066933 90074127 90048490 10002923 90076719
5749603699956278075,90066335 90069669 90075103 90073697 90058849
5751959565930092648,10001661 90012615 90073564 90046801 90072750
5768366279489447105,90081815 90023410 90072303 90074958 120057419
5803396133712719203,90010370 90042470 90065444 90056307 120064219
5824865079810850823,90067732 90041065 90045799 90073287 90071159
5850719385230713804,90074785 90080217 90029710 90074277 90021962
5880035224855764636,90076425 90066769 90076689 90050222 90082352
5892678003306598981,90064082 10002064 90040239 10001809 12002720
5911263612844924182,90074752 90080403 10003051 90038535 200456
5911643402350592663,90043635 90046886 90073901 90056686 90064249
7203560559013825054,90044216 90082162 90021576 90074029 90069359
7221059418187362206,10001085 10002647 90066335 90057149 90076730
7225499919394140907,90018107 10002923 90080399 120078057 90079132
7235360758142524953,90080641 90010840 90052950 90040564 90080568
7258237474378888639,90067863 90076900 10002515 90073901 90033419
7285919284343674488,12003004 90068328 90079949 90082566 90042759
7309997752509139160,90069683 90077113 90081212 90061837 90069331
7337794225788030036,90042446 10001085 2400480 6500479 12001682
7338531451088419248,90073390 90073689 90072372 90082684 90014056
7339483801872204418,90076034 90080565 90080121 90052164 90076280
7342539117938536444,90079880 90075647 90079836 90042446 90046672
7343133938981937135,5300397 120079953 90074375 120080256 90078097
7344208324753660769,90054583 90020998 90043095 90060858 90054047
7345001300766618690,90078312 90042720 90073444 90082214 90048003
7346094596053184140,10002810 90050812 90074127 90080698 10001711
7362789437551887937,90076719 90046886 90060807 90077765 90081865
7395367202303543198,90060960 90050812 90018863 90055646 10001711
7397294389355395991,90052708 120054714 90060191 90077910 90057357
7400963454194169434,90074029 90073783 90039191 90080799 90040977
7419351798560436182,90077275 90076041 90081631 90080331 90049577
7444694852257561307,90040564 90054710 90045609 90076184 90061819
7446963482762929722,90076035 90029840 90074958 90080781 120079274
7455183767219235887,90059599 90072115 90057599 90078686 90034093
7479410616938596581,120078200 90074560 90046890 90076608 90074127
7491999534581067615,90078824 90071622 10001711 90077636 90075359
7498263327957887187,90078568 90080744 90076870 90071508 90080286
7500341534670931839,90077247 90082074 90066768 90068360 90080937
7508676358607950490,90081824 90073602 90079536 90071877 90080697
7546364090955310099,10003103 90063247 90049616 90036080 90023994
7547331432914211116,90076872 90077374 90076425 90062051 5800396
7565608590736112936,90067732 90064168 90079534 90065154 90045609
7569040235550329671,10002484 90066149 90073739 10003138 90050600
7589610140606092502,90049470 12002302 12002456 90068328 12002841
7613418541662538769,90081117 90023994 90014901 90077688 90066507
7615699211358111634,90023410 90082579 90052591 90043577 120078200
7627516651281624768,90044216 90081168 90073400 90082065 90028716
7638584347819740029,90076872 90077138 90031645 90041556 90040384
7643915579223550133,10001711 90067500 90077765 90064082 90080698
7666001204069160543,90081865 90057376 90077138 90058610 90081261
7675639230638827735,90044216 90077054 90055646 90041065 90073895
7679001953648055958,90078669 90053121 90046846 90014056 1000526
7695868828230621594,90040239 90079925 90037123 90080204 90073968
7697793201906778779,90081481 90077113 90045679 90021803 90075015
7722396256495200076,90078235 90078124 90055475 90076394 90071212
7726507870175762389,90081824 90060807 90077765 120080215 90040239
7748132245465564077,90020998 90067793 1000526 90038953 90074217
7752252328315013941,10001435 90061819 90062125 90082531 90080754
7784569425706773810,90073697 90040564 90012264 90073901 90060882
7785185119601227370,90057699 90082579 1000633 200456 90080257
7791034950086511375,90080332 90082229 90075504 90074629 90043635
7809186305079402463,90079536 90047856 90077688 90059940 90068328
7809216867885063370,90044587 90072957 9001437 120066933 90038028
7813471111900040300,9006401 90078979 90044406 90053442 90072751
7828760165580788434,90010840 2400340 90076770 90050205 6700482
7834505468342313782,120079522 90067011 90074029 90074432 90081719
7845850688862110341,90065217 90059194 90079880 90077585 90078742
7894127975514236411,90063178 90023410 90077531 90077374 120078539
7898768130235591541,90035257 90072715 90077217 9005347 90068746
7912599950316589884,90021930 90078771 90082516 90078054 12002302
7918424499834619318,90051970 90080204 90071986 90067863 90072814
7920545873322388333,90067863 90073689 90073583 90044897 90035650
7934128431724401602,120078499 12002904 10003013 90080952 12002564
7936258376272352196,6700482 90081234 6700511 90043107 90080754
7957473621875389333,90081212 10001661 90066768 90014901 90081719
7964723033364169816,90071476 10003051 90075359 10003130 90067581
8023363304947829998,90074785 90020546 90055475 90057120 90063041
8040306209588932352,90081114 90079879 90064249 90020116 90065042
8043415964163293372,90043585 90014082 120080373 90046808 90067793
8049202631616302489,90081261 90044587 90044064 90075212 120078499
8067654091305293847,90018291 90081234 90023410 90076508 90049024
8074750633393477146,90081129 90077531 90047611 90075433 90014056
8076317759766326608,90081564 90041483 90023785 90041838 90074654
8084585307610408899,90068328 90043635 90076041 90060191 12001715
8108091715806687647,90054333 90037555 90080323 120079990 120070903
8111123056206290402,5200439 90070781 12002107 90041483 90047945
8123389306253706970,90040564 90053442 120079562 90080204 90070056
8128306686315979887,90081447 90072372 90077138 90077374 90042435
8150816946177670084,90049733 1000236 90057062 12001682 2400480
8152220956056607861,90046801 90059866 90081586 90071919 90043095
8164758350073122060,90045840 90046741 90077585 90081261 90043107
8203342404121985756,90081492 90037017 12002107 120078275 90075475
8225482297193375623,90074785 90045545 90071986 90078598 10003051
8231796477075368737,90023655 90078860 90076280 90072303 90073193
8243693094228184200,90053547 90041838 90074432 10003103 90075103
8247440141633613636,90080744 90076058 90078908 5900319 90072814
8255175326001472806,1000236 12001682 2400480 6500479 240081
8271540604382726204,90080318 90080658 90029840 5800396 90082065
8272270399446120269,90012264 90040564 90030904 90069354 90069722
8275191137930114560,10002515 100045 90044709 90023248 90074592
8296496831379056670,90067229 90036026 90067381 90072303 90068619
8367023305333923342,90078576 90066507 90050812 120078278 90065217
8370904609706906629,90078994 90057523 90081810 90046956 90080861
10920664320008853048,2400480 6500479 240081 200352 2400508
10942650578022988501,2400480 6500479 240081 200352 2400508
10954285832589649107,2400480 6500479 240081 200352 2400508
10956525812098233241,2400480 6500479 240081 200352 2400508
10963235444370382315,2400480 6500479 240081 200352 2400508
10966532612656940712,2400480 6500479 240081 200352 2400508
10976640701901441368,2400480 6500479 240081 200352 2400508
10989594237148919780,2400480 6500479 240081 200352 2400508
11008752278353723229,2400480 6500479 240081 200352 2400508
11009641586479787963,2400480 6500479 240081 200352 2400508
11009790273916403217,2400480 6500479 240081 200352 2400508
11013833812960206805,2400480 6500479 240081 200352 2400508
11027628183035708468,2400480 6500479 240081 200352 2400508
11033998406868465684,2400480 6500479 240081 200352 2400508
11043975383493410615,2400480 6500479 240081 200352 2400508
11060473578323949287,2400480 6500479 240081 200352 2400508
11064126733447500477,2400480 6500479 240081 200352 2400508
11072307255478240349,2400480 6500479 240081 200352 2400508
11081312182983042255,2400480 6500479 240081 200352 2400508
11084714299922347759,2400480 6500479 240081 200352 2400508
11086629403298459036,2400480 6500479 240081 200352 2400508
11090077684913160500,2400480 6500479 240081 200352 2400508
11113235010900910855,2400480 6500479 240081 200352 2400508
11120197198242352494,2400480 6500479 240081 200352 2400508
11186455411338102724,2400480 6500479 240081 200352 2400508
11186977219536774369,2400480 6500479 240081 200352 2400508
11191705376024801445,2400480 6500479 240081 200352 2400508
11206127867628480250,2400480 6500479 240081 200352 2400508
11250476149711134015,2400480 6500479 240081 200352 2400508
11260057663180053830,2400480 6500479 240081 200352 2400508
11273237267584872988,2400480 6500479 240081 200352 2400508
11275466255177785432,2400480 6500479 240081 200352 2400508
11275826934316998950,2400480 6500479 240081 200352 2400508
11310850331381393395,2400480 6500479 240081 200352 2400508
11313483041485959746,2400480 6500479 240081 200352 2400508
11315119372904055130,2400480 6500479 240081 200352 2400508
11322437148526890684,2400480 6500479 240081 200352 2400508
11380409111618416972,2400480 6500479 240081 200352 2400508
11391066233347661253,2400480 6500479 240081 200352 2400508
11413840963500461784,2400480 6500479 240081 200352 2400508
11421384980210207644,2400480 6500479 240081 200352 2400508
11425288597555962505,2400480 6500479 240081 200352 2400508
11483537239204705436,2400480 6500479 240081 200352 2400508
11489218520498974416,2400480 6500479 240081 200352 2400508
11500930198004410371,2400480 6500479 240081 200352 2400508
11510099821599163935,2400480 6500479 240081 200352 2400508
11527582211929610913,2400480 6500479 240081 200352 2400508
11577443896761603567,2400480 6500479 240081 200352 2400508
11587960015806879517,2400480 6500479 240081 200352 2400508
11591782478356817074,2400480 6500479 240081 200352 2400508
11595812149006555679,2400480 6500479 240081 200352 2400508
11600866921434797948,2400480 6500479 240081 200352 2400508
11625066599932465233,2400480 6500479 240081 200352 2400508
11639761449303302291,2400480 6500479 240081 200352 2400508
11644543763437818328,2400480 6500479 240081 200352 2400508
11654081702307255221,2400480 6500479 240081 200352 2400508
11664841862725952876,2400480 6500479 240081 200352 2400508
11676708023663429531,2400480 6500479 240081 200352 2400508
11679417758494903712,2400480 6500479 240081 200352 2400508
11698401534814141367,2400480 6500479 240081 200352 2400508
11709947436738361272,2400480 6500479 240081 200352 2400508
11732979873668353726,2400480 6500479 240081 200352 2400508
11736823364028977565,2400480 6500479 240081 200352 2400508
11755115270326691655,2400480 6500479 240081 200352 2400508
11757371632573978414,2400480 6500479 240081 200352 2400508
11766592258518490823,2400480 6500479 240081 200352 2400508
11768592553557110065,2400480 6500479 240081 200352 2400508
11780161453980684623,2400480 6500479 240081 200352 2400508
11783319362300008582,2400480 6500479 240081 200352 2400508
11808513721756662452,2400480 6500479 240081 200352 2400508
11812853783551475562,2400480 6500479 240081 200352 2400508
11829901505320498891,2400480 6500479 240081 200352 2400508
11860741961493701731,2400480 6500479 240081 200352 2400508
11867556656726246286,2400480 6500479 240081 200352 2400508
11867594325127522229,2400480 6500479 240081 200352 2400508
11898493338914042678,2400480 6500479 240081 200352 2400508
11910607844517352257,2400480 6500479 240081 200352 2400508
11918771337704019659,2400480 6500479 240081 200352 2400508
11933194540947945519,2400480 6500479 240081 200352 2400508
11963263424146108344,2400480 6500479 240081 200352 2400508
11969731562792862459,2400480 6500479 240081 200352 2400508
12019513223096715860,2400480 6500479 240081 200352 2400508
12060325439727829241,2400480 6500479 240081 200352 2400508
12064862736733875748,2400480 6500479 240081 200352 2400508
12066655319614832225,2400480 6500479 240081 200352 2400508
12113739191253561919,2400480 6500479 240081 200352 2400508
12116282569280587050,2400480 6500479 240081 200352 2400508
12118116618069866396,2400480 6500479 240081 200352 2400508
12134943623077896602,2400480 6500479 240081 200352 2400508
12140268859271042468,2400480 6500479 240081 200352 2400508
5923732481008255736,90082531 90041838 90028881 90010385 90079949
5957225505777505732,90080121 10001085 90048517 90081117 90055646
5968719874615627913,90081653 90067359 90080655 90074907 90075504
5970496006742779613,120080373 120070938 90077794 90076665 90040977
5984006786794568261,90075067 90081239 90066394 90070294 90078235
5988656781996099650,90081097 90081824 90048478 90081114 90081168
6025551861087204414,90012615 90044216 90074303 90070692 9003834
6053562659455418245,90080952 90079810 90078086 90069658 90074334
6073749008100254341,90066769 90033419 90075959 120078278 90069564
6076843827383375330,90072034 90076872 90076058 90074647 90075221
6096028041820986705,90082579 90055234 12002809 90077275 90079321
6121159383550227357,90039077 700481 90057523 90048509 90064168
6125661335948070596,90074029 90052398 90025819 90052950 90036781
6127287238013784132,90055680 90078538 90014901 90060191 9003834
6133889233547436433,90068328 90066774 90056307 90080399 90070950
6139606646841080598,90053547 90078669 90074988 90066216 90076689
6165512895337179353,90060191 12001682 2400480 6500479 1000589
6165957630016309012,10002647 90073870 90068659 90075647 90069359
6171368580714773445,90064168 90018107 90048622 90071986 90013491
6176287652097451192,90081301 90076575 90076770 90063241 90073628
6179646929249218755,90066774 120078787 90074942 10001085 12002718
6179850776389505954,90073783 90037302 90057375 90074629 90020998
6180502712941303944,90037349 90022731 90065822 90044897 90074432
6181767191365940451,90053547 90081932 90039995 90056238 90072271
6186582948819589545,90076041 90018019 90047945 90078598 5200439
6195635421924341408,90074303 90036080 90037340 9004192 90044226
6233866123780352466,90081885 90081168 90032975 90023785 90071159
6250824272712089249,90050812 90021962 90073444 90061750 90025700
6264274804113870611,120054714 120080373 2400480 240081 6500479
6268656924029394080,90079132 90073697 90055475 90067529 90037349
6295006578663440482,90052591 90059194 90072616 90057463 90072814
6319517396021809851,90063247 90068360 90079053 90076021 120070654
6324057555443194018,90081234 90074029 10002925 90067229 90041838
6340171719407537482,90042720 90074032 90076719 90082579 90070810
6347140187816091851,90080259 120078499 90021192 90081780 90043281
6351697982861523430,90081586 90081117 90054713 90018019 90067529
6361207664690968065,1000405 10001711 12001715 90044064 90054710
6370053422932869471,120063497 90080511 12001728 90014056 10002706
6409746949916770236,90040239 90071783 90072303 90075829 90046672
6458846949049750165,90021576 90074032 9009650 90060191 90067054
6459230479239343348,90041483 90073928 90074654 90025700 90078023
6466211710679029165,9006401 90045799 90077791 90050011 90043577
6472666070701211833,90065989 90080407 90078771 90073903 90078471
6512512788588425628,90044148 90077699 90072715 90071923 90023994
6519574208115912303,90020334 90068169 90046956 90081631 90044710
6545212813584072381,90046741 700481 90082078 90057391 90074550
6558007739615791839,90057149 90066335 90075389 90077765 90067273
6607011114026914784,90072271 90013755 90040239 90063209 90081719
6612449162018543975,90080804 90082367 90081659 90077113 10003174
6621805848865919017,10002923 90079810 90081181 90031645 90014901
6642103735468189749,90064084 90079091 90075045 90072750 90065489
6644528871059849841,90044179 90081586 90023994 90079798 90081815
6657986705921309374,90067500 90077158 90042720 90078312 90050011
6659436741683154565,90076608 90077054 90014901 90080550 12002805
6712901497359921768,90047611 10001711 90080698 90046801 90072034
6714505825589044287,90075647 90070433 90081815 90076425 90077515
6725487049034328908,120078548 90078667 90080550 120078057 90080376
6732982860715068096,90080550 90082579 90042470 120079631 90021930
6750933936058420673,90044226 90025507 90065072 120066933 90080399
6751657066878731730,90059387 90080861 90074497 90077374 90064153
6758266004698804072,90047856 90078469 90073972 2400480 6500479
6760582224819196009,90081586 90021962 90074351 90077904 90082517
6767802902846698895,90071919 90046956 90080697 90072957 90074592
6777285235754395901,90077113 90077531 90042720 90075817 90081338
6809709517795967778,90067529 90068360 90080680 90072459 1000405
6818793776080568481,120080215 120078548 90042759 90066774 90082111
6836843742402488870,90041483 90071923 90078805 90043107 90041885
6844135743611637350,90078669 90046801 90014056 90057391 90077969
6864748679300950617,90080259 12002870 90069658 90076034 90048396
6866648621587951073,90072115 90073783 9004192 90073862 200456
6867934459089891466,90079531 90081492 90081481 90080224 90082441
6899109540568786278,90075221 90042759 90010385 9001437 90079219
6916083799164934938,90057391 90071986 700481 90043009 90035554
6946294246955110465,90046886 90080331 90073440 90016709 90056686
6957430289838790370,90039603 90033419 90073689 90072115 90035650
6974075771423048074,90050217 90071212 90071746 90054203 12002302
7008700062694813234,90070950 90081168 90036309 90066335 90048698
7017976367274552329,90080270 90081168 90020546 90070788 90081447
7024428300728823877,10002925 90054710 90073322 90070492 90044282
7035075619699877813,10003051 90080853 90060701 90049051 90037570
7042491595374205353,90074432 90071986 9007323 90066216 90078469
7045486611161163709,90081973 90057352 90071640 90010840 90081719
7053921550629622154,90080403 90081114 90079810 90045141 90069564
7068066846182562902,90030672 90081168 90034524 90043424 90036183
7071750071044818422,90065886 90074432 90081564 90077543 90071986
7081239847117432819,90051015 90037349 90063637 90080149 90039508
7102731042412172357,90074303 90046080 90079798 10001711 90059940
7112096223537052724,90077158 10002064 90080799 90081447 90011097
7124081213039446293,90073697 10002810 90078312 120066933 90078667
7126734326696260921,90053442 90016797 90081167 90074752 90063637
7174557550179145538,90074221 90062039 90079053 90025700 90080340
14719185688099378764,2400480 6500479 240081 200352 2400508
14729084690608000564,2400480 6500479 240081 200352 2400508
14751911277802686259,2400480 6500479 240081 200352 2400508
14810151285526755881,2400480 6500479 240081 200352 2400508
14823802534669443376,2400480 6500479 240081 200352 2400508
14825687301088902192,2400480 6500479 240081 200352 2400508
14836764765774467535,2400480 6500479 240081 200352 2400508
14871808869437943284,2400480 6500479 240081 200352 2400508
14871944484277590128,2400480 6500479 240081 200352 2400508
14874594108965844718,2400480 6500479 240081 200352 2400508
14875662607167187916,2400480 6500479 240081 200352 2400508
14880650169215206419,2400480 6500479 240081 200352 2400508
14883585004368662617,2400480 6500479 240081 200352 2400508
14909283708259297107,2400480 6500479 240081 200352 2400508
14914189381613590736,2400480 6500479 240081 200352 2400508
14922957287866925334,2400480 6500479 240081 200352 2400508
14941092963972915133,2400480 6500479 240081 200352 2400508
14953863145708543221,2400480 6500479 240081 200352 2400508
15000485793987883000,2400480 6500479 240081 200352 2400508
15004633115227929353,2400480 6500479 240081 200352 2400508
15008778926397697941,2400480 6500479 240081 200352 2400508
15009174764765073246,2400480 6500479 240081 200352 2400508
15010491484158605987,2400480 6500479 240081 200352 2400508
15025089440266414913,2400480 6500479 240081 200352 2400508
15045693847382927356,2400480 6500479 240081 200352 2400508
15056624679609806069,2400480 6500479 240081 200352 2400508
15059663922889852552,2400480 6500479 240081 200352 2400508
15064697274347424587,2400480 6500479 240081 200352 2400508
15073784692790944741,2400480 6500479 240081 200352 2400508
15083493179822888394,2400480 6500479 240081 200352 2400508
15085670061319945774,2400480 6500479 240081 200352 2400508
15119393131067087734,2400480 6500479 240081 200352 2400508
15141499026888209550,2400480 6500479 240081 200352 2400508
15144028473668794388,2400480 6500479 240081 200352 2400508
15153588084583602963,2400480 6500479 240081 200352 2400508
15154109113206032482,2400480 6500479 240081 200352 2400508
15166841293414410417,2400480 6500479 240081 200352 2400508
15166885417092236943,2400480 6500479 240081 200352 2400508
15181367637967290753,2400480 6500479 240081 200352 2400508
15254422709117929476,2400480 6500479 240081 200352 2400508
15263295091680342410,2400480 6500479 240081 200352 2400508
15263590354951363928,2400480 6500479 240081 200352 2400508
15270887873297996193,2400480 6500479 240081 200352 2400508
15285113777960174782,2400480 6500479 240081 200352 2400508
15299251411874843045,2400480 6500479 240081 200352 2400508
15312780222642027271,2400480 6500479 240081 200352 2400508
15326272278899803457,2400480 6500479 240081 200352 2400508
15327036878059791843,2400480 6500479 240081 200352 2400508
15337315789178217621,2400480 6500479 240081 200352 2400508
15341321956475979806,2400480 6500479 240081 200352 2400508
15348355778764865152,2400480 6500479 240081 200352 2400508
15354960646223314474,2400480 6500479 240081 200352 2400508
15391974508970881093,2400480 6500479 240081 200352 2400508
15392339541529626059,2400480 6500479 240081 200352 2400508
15447487115280197677,2400480 6500479 240081 200352 2400508
15456935119739723366,2400480 6500479 240081 200352 2400508
15469433388291464404,2400480 6500479 240081 200352 2400508
15493381339040873975,2400480 6500479 240081 200352 2400508
15508843151641709952,2400480 6500479 240081 200352 2400508
15509397826064651344,2400480 6500479 240081 200352 2400508
15514003710187619265,2400480 6500479 240081 200352 2400508
15522349031563496368,2400480 6500479 240081 200352 2400508
15531034621166112496,2400480 6500479 240081 200352 2400508
15536674676911441530,2400480 6500479 240081 200352 2400508
15565191870846570872,2400480 6500479 240081 200352 2400508
15565246453839736329,2400480 6500479 240081 200352 2400508
15605921797560465877,2400480 6500479 240081 200352 2400508
15634861151839696048,2400480 6500479 240081 200352 2400508
15639626336051048288,2400480 6500479 240081 200352 2400508
15655094571715874601,2400480 6500479 240081 200352 2400508
15657095628654490713,2400480 6500479 240081 200352 2400508
15673168159601698686,2400480 6500479 240081 200352 2400508
15685098166119389908,2400480 6500479 240081 200352 2400508
15686121793460015698,2400480 6500479 240081 200352 2400508
15700986920010052518,2400480 6500479 240081 200352 2400508
15728841803298217129,2400480 6500479 240081 200352 2400508
15730516151641612632,2400480 6500479 240081 200352 2400508
15751020431692000181,2400480 6500479 240081 200352 2400508
15753480482634637753,2400480 6500479 240081 200352 2400508
15806740953341098055,2400480 6500479 240081 200352 2400508
15820890214186798103,2400480 6500479 240081 200352 2400508
15828248295381577510,2400480 6500479 240081 200352 2400508
15829194953612996354,2400480 6500479 240081 200352 2400508
15831957468039185159,2400480 6500479 240081 200352 2400508
15843563997480862348,2400480 6500479 240081 200352 2400508
15848011677771361594,2400480 6500479 240081 200352 2400508
15855281206983843169,2400480 6500479 240081 200352 2400508
15858459375481326710,2400480 6500479 240081 200352 2400508
15862726672161660710,2400480 6500479 240081 200352 2400508
15878149866338792996,2400480 6500479 240081 200352 2400508
3841829385548678027,120079051 90073870 90072492 90071877 90059866
3857021436859522960,90067863 90077931 90080332 90060882 90076719
3867955475089752543,90067500 90081841 90037555 90044389 90060191
3870940480098147527,90081492 90042759 90074029 90014056 90053892
3896211261913020547,90071877 90082531 90051970 90078669 90041885
3903971208799228106,90045880 120078278 90071476 10002829 90036780
3916286176861764346,90064168 90074785 90032975 90078469 90041885
3949925434832712711,2400340 90081234 6700435 10001244 10001261
3960279536741592641,90034732 90079132 90070669 90081507 90064168
3978867512978853697,90025507 90012002 120080215 90074334 90077515
3986174152805913106,90010840 90074029 90023994 90035650 90080744
4007274327109916484,90078667 90077466 90078124 90081117 90059194
4017815779700709037,90082214 5200439 90074942 90067714 90057699
4022079613483429980,5300397 120078499 12001728 12002720 12003004
4033409661967053559,90066849 90074144 90080744 90059866 90066335
4051396765385629500,90036550 90023655 90077374 90039191 90059866
4052138522108608450,90042760 90073872 90078538 90078789 90059194
4054081961169274497,90041094 90062473 90080937 90080646 90074907
4072050176673349133,90073179 90046080 90059940 90075212 90077699
4077029353804685347,90049405 90076900 90010370 90081719 90056686
4077778547235623298,90041065 12002833 10002839 9001758 12002107
4103666576780286256,90075045 90070294 90034732 90073903 90055646
4111520169932230666,90079536 90079053 90074316 90026021 90050498
4140818607918513825,10003000 90079536 90054710 90047611 90045609
4142238555560222488,90074863 90023994 90077791 90080257 90078312
4152223823788067961,90037720 90077275 90078469 10002787 90053101
4166392401573776244,90081932 90076037 90060858 90045609 90080853
4186861759735345031,5200439 90049851 120070938 90080403 100076
4234565961882775752,90067863 90049401 90057375 90080781 90080730
4277679575729975330,90041425 90077374 90043577 90015552 90045679
4286832206872524941,90080568 90067500 90056386 90066849 90066768
4324563784080370493,90059012 5800396 90080673 90079092 90081097
4328761455849723043,90015552 90042720 90063905 90078937 90062422
4342429992360418184,90069607 90045609 90021576 90039603 9006401
4352683650239021495,90073697 90078686 90055680 90044179 90078994
4352955065228702815,90066507 90043577 90073870 90073440 120080373
4360666950391893909,90076900 90045679 90052708 90041838 90076719
4379838593817585690,90068712 90080565 90040977 90075212 90075386
4399350927795721102,90055680 90060906 90077138 90052708 90078538
4409737466595801925,90043220 90073689 90040964 90081167 90057699
4418245557427827305,90067863 90065719 90064084 90047372 90079810
4438224189411736116,90018019 90013491 90046956 90036781 90062473
4440928262341374056,90055475 90043577 90063041 90073836 90040523
4448518709301390273,120063497 12002107 120078548 120070654 90042760
4460374238665087059,90044406 90073583 90074752 90028190 90042760
4466231829892760009,90076689 90081659 90079092 90077113 90071877
4470901079166377113,90077292 90073287 90044148 90074592 90071877
4478271560731083975,90071327 90064141 90065425 90061237 90082425
4480559291312358807,120079274 90078040 90074958 90082367 10003174
4484351250856165136,90077531 90081355 90070810 90081239 90074630
4497043602086387340,90074432 90048639 90080730 90076531 90048698
4505908974190048832,90025507 90081370 90048509 90068328 90043577
4515963038040469780,90043424 90080641 90039312 90081181 90067863
4526766882068903644,10001244 90082441 90054918 90072715 90075153
4537917721155685288,90023785 90050600 90082065 9001437 90080511
4537998735244442792,90075067 90073877 90034732 90078430 90070494
4539532938885313114,90038028 90064082 90030904 90070494 90067381
4549605198400383565,120078548 90076770 90078994 120079274 90079536
4558249534785348973,90080960 90079880 90068360 90055646 90078296
4564890022707638364,90030904 90065737 120080215 90048490 90066768
4582098657410695593,90018107 90073697 90045609 120054714 90063984
4608266873595336728,6700482 90080264 90035257 90079321 90021156
4610999020559391494,90057357 90077765 90074032 90021576 90049024
4641363114326777521,90080135 90052164 90081507 90074303 90076041
4644788228960559738,90045609 5900319 90080997 90081133 90080697
4652057477787001537,90080399 90025507 90020546 90082656 90060221
4684516662594146356,90076034 90081261 10001244 90040564 90077585
4691534518516370581,90038953 90046966 90079880 90073972 90070781
4703239428109602975,90070788 90076730 90076041 10001671 90072957
4705013592495710893,90070394 90078805 90072751 90053547 90078686
4708685211792348870,90052591 1000526 90051970 90057376 90074752
4711823514656287773,90075067 90079879 90063008 120078200 90046886
4720559335369130877,90080381 90068328 90066507 90071103 90076899
4722140304699263621,90021156 90063247 90069564 10003051 90075015
4723897659006523203,90013491 10002665 90038535 90029156 1000384
4727567803123760144,90046672 90059866 90079321 90071783 90075647
4731379041585161047,90025700 90076899 90079632 90061750 90080886
4742697566768544548,90061750 90075103 90046741 90056956 90060882
4746191642631267270,90010385 90043974 90071476 90046411 90067507
4749385601030312842,90079836 90078235 90078614 90065217 10003000
4753287169629807330,90076872 90046080 10001244 90080264 90081087
4793561572749484889,90077531 90054710 90025819 90079836 90079353
4813638556362422188,120078038 90076298 12001728 90067381 90041838
4828309515841995866,90053547 90081922 6700482 90080224 90049405
4858641869783932432,90075153 90082684 90048698 90066849 90040564
4883597312423998151,10003130 90041065 90045799 90077217 90080399
4887822256740267383,90082472 90036183 90081586 10002677 90074942
4910176305778166722,90023410 90080550 90079741 90074752 10001711
4911494323935581105,90080323 90078598 90076041 90080565 90068712
9666894031392305755,2400480 6500479 240081 200352 2400508
9685549243476952926,2400480 6500479 240081 200352 2400508
9742530960946352990,2400480 6500479 240081 200352 2400508
9752692857270076931,2400480 6500479 240081 200352 2400508
9765663025994071179,2400480 6500479 240081 200352 2400508
9775748754497231977,2400480 6500479 240081 200352 2400508
9797568232605412151,2400480 6500479 240081 200352 2400508
9802841684913390982,2400480 6500479 240081 200352 2400508
9830941778242358719,2400480 6500479 240081 200352 2400508
9849620434773859536,2400480 6500479 240081 200352 2400508
9863418823141798797,2400480 6500479 240081 200352 2400508
9893738590922057170,2400480 6500479 240081 200352 2400508
9909307333827490921,2400480 6500479 240081 200352 2400508
9910179041237492417,2400480 6500479 240081 200352 2400508
9917768829789587826,2400480 6500479 240081 200352 2400508
9925660433907909141,2400480 6500479 240081 200352 2400508
9925793328037524597,2400480 6500479 240081 200352 2400508
9941017499010608835,2400480 6500479 240081 200352 2400508
9978785381164324280,2400480 6500479 240081 200352 2400508
9985328414342756144,2400480 6500479 240081 200352 2400508
9992450338299907013,2400480 6500479 240081 200352 2400508
10008352999832730058,2400480 6500479 240081 200352 2400508
10014349624473638912,2400480 6500479 240081 200352 2400508
10016709628955916236,2400480 6500479 240081 200352 2400508
10029111258142829352,2400480 6500479 240081 200352 2400508
10031288693847140198,2400480 6500479 240081 200352 2400508
10038101602670047041,2400480 6500479 240081 200352 2400508
10040334023629406299,2400480 6500479 240081 200352 2400508
10043901367144241272,2400480 6500479 240081 200352 2400508
10052591697169972089,2400480 6500479 240081 200352 2400508
10068802053797572275,2400480 6500479 240081 200352 2400508
10079149336286945131,2400480 6500479 240081 200352 2400508
10082096398918743107,2400480 6500479 240081 200352 2400508
10089911690612076752,2400480 6500479 240081 200352 2400508
10091363920234266791,2400480 6500479 240081 200352 2400508
10095934192036623578,2400480 6500479 240081 200352 2400508
10112103441244451713,2400480 6500479 240081 200352 2400508
10120801182216576239,2400480 6500479 240081 200352 2400508
10178643848749863023,2400480 6500479 240081 200352 2400508
10196166475160656255,2400480 6500479 240081 200352 2400508
10200608103302149230,2400480 6500479 240081 200352 2400508
10201669863807399166,2400480 6500479 240081 200352 2400508
10212980430294966328,2400480 6500479 240081 200352 2400508
10246214960655461086,2400480 6500479 240081 200352 2400508
10252847047898554872,2400480 6500479 240081 200352 2400508
10269329346053634491,2400480 6500479 240081 200352 2400508
10270034677706823183,2400480 6500479 240081 200352 2400508
10303718089865975202,2400480 6500479 240081 200352 2400508
10310812529171989007,2400480 6500479 240081 200352 2400508
10335818046274831670,2400480 6500479 240081 200352 2400508
10336292654188647022,2400480 6500479 240081 200352 2400508
10343831429654857053,2400480 6500479 240081 200352 2400508
10346178481794822337,2400480 6500479 240081 200352 2400508
10360867562032157325,2400480 6500479 240081 200352 2400508
10370331230969037752,2400480 6500479 240081 200352 2400508
10404433339356312846,2400480 6500479 240081 200352 2400508
10407615612188056345,2400480 6500479 240081 200352 2400508
10409958484722999011,2400480 6500479 240081 200352 2400508
10424191502304823381,2400480 6500479 240081 200352 2400508
10444933497224964023,2400480 6500479 240081 200352 2400508
10458948843121134956,2400480 6500479 240081 200352 2400508
10500740270951698446,2400480 6500479 240081 200352 2400508
10502761644417799405,2400480 6500479 240081 200352 2400508
10507072017147684897,2400480 6500479 240081 200352 2400508
10529231245527043005,2400480 6500479 240081 200352 2400508
10537559809867673991,2400480 6500479 240081 200352 2400508
10546670973374400970,2400480 6500479 240081 200352 2400508
10573120244634822999,2400480 6500479 240081 200352 2400508
10590426014821427006,2400480 6500479 240081 200352 2400508
10604983295343350343,2400480 6500479 240081 200352 2400508
10611636395051940510,2400480 6500479 240081 200352 2400508
10633634413302246596,2400480 6500479 240081 200352 2400508
10634913621213783331,2400480 6500479 240081 200352 2400508
10653937089739479362,2400480 6500479 240081 200352 2400508
10675923924599356186,2400480 6500479 240081 200352 2400508
10679912665539499321,2400480 6500479 240081 200352 2400508
10689849831855079644,2400480 6500479 240081 200352 2400508
10707814408248674896,2400480 6500479 240081 200352 2400508
10719144166596335184,2400480 6500479 240081 200352 2400508
10728810384221437254,2400480 6500479 240081 200352 2400508
10762113225209493347,2400480 6500479 240081 200352 2400508
10787678133924632470,2400480 6500479 240081 200352 2400508
10797157379738221866,2400480 6500479 240081 200352 2400508
10799863889488565236,2400480 6500479 240081 200352 2400508
10829412717672094086,2400480 6500479 240081 200352 2400508
10834802774802819290,2400480 6500479 240081 200352 2400508
10848909134323859990,2400480 6500479 240081 200352 2400508
10874038717034691271,2400480 6500479 240081 200352 2400508
10876606683805171865,2400480 6500479 240081 200352 2400508
10886096340955133676,2400480 6500479 240081 200352 2400508
10902911550446151928,2400480 6500479 240081 200352 2400508
10904697592493678571,2400480 6500479 240081 200352 2400508
10906529691540756480,2400480 6500479 240081 200352 2400508
